sequence,knockdown_efficiency
GAUAGGCAUAAGAAGGAGCUU,62.1
CGUACUAACGCGGCUGCGCUU,51.2
GAAUAAAUGUUAUCGGAGAUU,58.1
CGGGCCAAUUACCUGUCUUUU,45.9
GUGCUACGAAAGCUAUCGCUU,75.8
AGGGUGAUUCCUGACCUGGUU,52.4
CGCGAUACCCUACCAUACCUU,44.1
UGUCUAGGAUCGUGAAUGAUU,83.5
AGACCAAGAACGUCCAAUUUU,57.5
GGCAUUCAAUUUACUCGACUU,75.4
CCCAUAUAUCUCUUCCGGAUU,76.7
CGGGAGGCACAAGGAACAGUU,51.9
UGGCAGAUGUUCAUCCAAUUU,84.9
CCUACGGCGACUGCAAAGUUU,51.7
GAGUUCCAUUACGUGGUAAUU,86.1
CGCGAAUCCCCAAACCUGAUU,46.9
CCCCAGUCCCCUCACCACUUU,26.9
CAAAUCCUGUCGCACACUAUU,79.0
GUGGUGUGACGGGGUAGUUUU,15.6
GUUUUUAUCGCGUGAUUGGUU,49.4
UAUCCAAGGUCCGAAAAUCUU,51.2
UGAGUAGACCAUACGAACUUU,82.8
GCGCCGGGCGCGUUAGCGGUU,21.4
AUUUGAAGGAUGUAUCGGCUU,82.2
UAUCCCUGGGAAUAUGUAUUU,72.0
GAUGAGAUAUAUCUCCUAAUU,60.6
CUGCGCCAAAAGGAGCAGGUU,23.8
CCAAUGCUGAGGACCGACCUU,47.6
UUGUCCACGCGUGCUCGUUUU,41.7
UCCACAUGUACAACUCGUAUU,95.2
AGUCGGUCAAGUGUGUGUGUU,74.3
UAAAGCAAUGCGUAAAAAGUU,34.4
CGGACUCGUUAACUCUAGAUU,74.4
GUCACGCAGUUCCUGGGCAUU,55.4
GAAAAUGUAGGUGCCGGCUUU,50.7
GCCAAUGGUAGGCGUAAUUUU,46.0
ACCGCCGUACUGCAGGUAUUU,55.3
GCUGUCCGUUUCUGCGGUAUU,57.8
CGCAGCUGACGAAGGACCUUU,43.9
CUGGUCCAGUCGCCUCUCGUU,55.1
UUGCUAGUGGUUAGGACAGUU,81.3
CUGCCUAGGCCUGUGUGAUUU,57.5
UGGCCCUUGCCAAGCCGUAUU,70.1
CUGCACUUAGGCAACGACAUU,79.4
UUACCGAUUGGUUCAUUAGUU,79.2
CUCGUGGGAGUCUCGUGGGUU,53.5
GCGCGUUGGAUGAAGCGCCUU,46.1
CUCGUACACCGCCCUCAGUUU,52.8
GGCCAAACGCAACCUUACUUU,69.9
ACAUGGCUGAUAUUCAUUCUU,83.7
AGGCUUAACUGGGACAAGAUU,92.2
AACUACACAAUAGAACAUAUU,35.8
GGGUCGAGCACCGUCAUUGUU,49.8
CAAGAUGGUCGUGAGCGCGUU,45.4
UAUUUAUGUACACAAGCGGUU,79.0
UAUGCCGCGUGAGAACUCGUU,62.9
CCCGGACCUAGUUACGUAGUU,42.5
GAUUUGCGAAAGGUGUUUCUU,63.8
UUGUGAUGAUAAUUAGAUGUU,33.0
CCACAACCGGGUAAUCGCCUU,43.4
CAGGUUUUAGAGCUGCCAAUU,55.2
GCGACUCCUCGGGCGAAUUUU,26.4
AGUUACACCGGUGCCUCGUUU,57.6
AAACUGGAAUUGAUUUUGCUU,40.4
AAGUGGCCUGAUCGUGCUUUU,62.7
CGCGGGGUUUAACUAAACAUU,64.3
CCAUCAUACCCAUUGAUUGUU,69.2
GUCUCUCCUUUGCCCAUGCUU,50.9
ACCUCUCAUCAUUAAGACUUU,70.5
CCGCAUCGAGUAAUCGGGAUU,56.6
UAUCUACGAGAAUGAUGACUU,71.1
GGCGUUGCUACUGGCGUAGUU,55.0
ACUGGCACUUAAACGCGUCUU,73.1
UCCUAUCGCUCUUCGCGAGUU,63.2
GUAGUGUGUACUCUCCAGUUU,74.8
GCAGCAACUUGGGCUCGGUUU,52.4
AAGUUGUUUCUCUACUCUAUU,70.9
CUUAGCCGCGCGAAACAGUUU,54.9
GGAUCGGCCACGUGUCCGAUU,67.5
UCAAAAUGUCCCUGGAUGGUU,52.7
CAGGGCGCAAGGGCUGUGUUU,57.3
UCGUAAUUAGUGGCCAUGUUU,77.5
UAAUUGACAUGUCUGUUACUU,58.1
CAUAUCGUGCUCGCUUGAGUU,63.2
GCUCGACUCUCCAGGAAUUUU,49.3
GGUGACGUUCGGUCUGCGCUU,53.6
GAUCCCGGGAGGCAGACAAUU,57.0
AGUCCCGAAAUGGUACUUCUU,81.5
GGGAAGACUUAGUUCCUAGUU,68.1
CCCCUUGUUUUAGCGAGGAUU,42.7
GGAUGACAGCUCCUACUGCUU,43.4
GGGCCACACCUUCCCCAGAUU,47.7
UCGUCCUAAAUUAGCGCACUU,84.4
CGAGAAUAUACCUGAGGAAUU,76.9
UGCGUACUGAAAGGUGUGGUU,73.5
ACCAUGAGAGGGAUGAAGAUU,88.2
CUGUAUCGUCGGAUACCACUU,62.5
UCCCGUCUCCUGGGGUAGGUU,41.6
AAAUGGGCAUUCGACUCCAUU,83.3
AAGGAGUAACAGUCGUGGUUU,74.8
AGAUACCCGUUCCGCUUAUUU,82.1
UCUGCCGCGAAAGCCAGAUUU,60.8
GCACGGUCUCACCACUAGAUU,66.6
GCUGUUGUACUCCUUGAAUUU,77.0
GUAUUCUGGUCCGUACAGUUU,76.7
GGAACCGCUCAGAGUGGGUUU,49.8
AGAGUCACGCCAAAAGCUUUU,36.0
UGCAGCGCCAUGAAAUUCGUU,83.7
AGAACCUAACCGACUCGCGUU,56.4
AAACUCUCACGGCAUCUCCUU,76.3
CAUCUUCUGGAGCGAAGGGUU,47.1
AAUUUAAUGUAUAGUUUUAUU,29.4
CCGAUAUUAUUUAUAGGAAUU,31.9
CUGCUUCCCAUCAUCCUGUUU,71.2
AUCUAGGGGGCUGUUGCCUUU,38.0
GAGGCACUUGCGGCUCGGAUU,64.3
GUGACGUCCUAUGGGGUUCUU,31.4
GUAAUCACAUUAUUUGUUCUU,18.8
CGGACAAAGCAUAGUAGAGUU,68.2
GACCAACAUUUCGGGGGUCUU,31.9
CGUGAAAUAGGUAUAGGGCUU,70.9
UAUUAUAACCGUGUCUAACUU,54.7
UGAUGCGAACCUCAGGCACUU,62.0
UCUUCUCCACGUGGAAAAAUU,65.6
UGUGUUCCGACCCCCACAGUU,43.3
CGUGUUUGCAGUCUCUACGUU,73.7
UGUAGAUAUCUGGUUGAACUU,77.4
ACUACAGAGACUGUUCAUUUU,61.2
AGGAUAAGAGCCUAAUGAUUU,84.1
ACCACAGAGUGGAUGCAACUU,79.4
UCUAUAGGGCGCGUGGGUAUU,74.4
CUAUGGCCCACGUGCCCAAUU,56.2
AACGGGUGAGGUUGACGUGUU,63.4
GAGGCAAUUGUGGAGGACGUU,54.5
GAACUCCACUAGGAUUUGUUU,66.1
AGGAGACAUUACCGCGUUUUU,61.5
UAUGCACCCAUUCUGAAGUUU,80.0
UGUCACCAAUAUCCCAGCGUU,71.7
GAUACGACCGGUCAAACAGUU,69.0
CAUUCGGUUAACGAAUUGCUU,65.3
UUAAGCGACUAAUGGUCAUUU,77.2
GAUCAACCACUGGGUCAACUU,69.1
ACCUAUAGCUAGAAAUCAGUU,73.9
UUGAUAACGGCCCCUGUCGUU,36.2
AUACCACGCCCAGUCCACAUU,73.5
CUCCAGCGCAGCGGACCUUUU,29.8
AAAGACAAGCCUAGCCCCCUU,36.0
CUAUAACCCGACGCCAGAUUU,73.0
AGCCUCCAGCCAGCAGACAUU,74.2
AGGCUUAAUAAUGCCUUGAUU,87.7
CGGAACUUCAAUGGCAGGUUU,62.5
CACAAAAGGGUUAAGCAUUUU,26.7
GGAAAUACUUUGAGACUUUUU,29.4
AUACGAUGCGGCCUGCUCUUU,51.3
CGGCCGGACACCCAUCUCGUU,30.3
UCCAUUUUUCCGGUUAGCCUU,64.8
GAUGUUUUGAUAGGACUAGUU,56.7
CACUUUGACACUCUUGAACUU,73.9
CCCGAUGACCAACCAUCGUUU,55.2
GGAAUGACGUACGGUUAGCUU,75.7
GGUUACCACGGAUCUCGUUUU,47.6
UUGCUAGGCUGGUAACGCUUU,81.4
CUACCCCGGGGGCUUUAGGUU,5.0
GAGCCGGCCCAAAUCCAGUUU,43.4
UGUCUUUCUCGCACGCUUAUU,93.7
AAUGCUUGCUGAGAUCACUUU,82.2
AGGUCUAAUAUCAGGAGUAUU,86.1
GACUUGGUCCUCUACCUAGUU,64.1
GGAUGACUGACGGAGUUGUUU,64.5
GGUGGUGACAGAAAAAUGAUU,63.3
UAUACUAGCCGAAGGAUACUU,74.7
UAAAUCUGACACGAUUGCAUU,93.0
AUCUUCCGCAGACAUGCGAUU,86.1
UAGCCACAUAUUGGCGGCGUU,55.4
GGAGAUGUCGCAGACCCAUUU,45.9
CAAGUAUCUCUAUGAUGAAUU,61.7
GUGAGCUAAUGGUGGACAUUU,75.3
CUGGAAAGGAGACUUCGAUUU,76.8
CGCUGCAUGACCUGCAGGAUU,58.2
GCGUCCCUCCUAUGGUGCGUU,57.0
GAGUUGCGCGGUAUUGGUGUU,55.5
UCCGAAGACAUUCGUCACAUU,93.9
GCGGACCUGCUCCUGAUGCUU,55.9
CCGGCGGCCUAGAAGUUGAUU,61.3
UUGAAUACGGUGUCUAAAGUU,76.7
GAAAUUACGCCCAGUCGGCUU,52.9
UCCUGUCCUCUACAGCACGUU,50.1
AGCCUAGGCCGCGAUUAACUU,58.9
GAUUGUAGGGGCGGACACUUU,23.4
CUUGUGAUCGCAGCCGUCGUU,50.9
AAGGCUGCUUGGAACAACCUU,83.6
CCUGUAAGUUAGAGCUUGUUU,71.3
GUUUAAAGUCAGCUUUGAGUU,75.5
CAGUCAAAGAGUGCGGCUCUU,47.9
ACGUUGUGGCCGAGUACGCUU,61.8
UUAUAUAACUUUACUGGCCUU,54.2
GAGUGCGUCGUCUUGGAAAUU,82.3
AAUGAACGUUAACAAGAGAUU,69.2
AUACGGAGGUAUCCACGCCUU,52.9
GUGUUGAUAACGUAAUGACUU,70.1
